,Aceh,Sumatera Utara,Sumatera Barat,Riau,Jambi,Sumatera Selatan,Bengkulu,Lampung,Kepulauan Bangka Belitung,Kepulauan Riau,DKI Jakarta,Jawa Barat,Jawa Tengah,Daerah Istimewa Yogyakarta,Jawa Timur,Banten,Bali,Nusa Tenggara Barat,Nusa Tenggara Timur,Kalimantan Barat,Kalimantan Tengah,Kalimantan Selatan,Kalimantan Timur,Kalimantan Utara,Sulawesi Utara,Sulawesi Tengah,Sulawesi Selatan,Sulawesi Tenggara,Gorontalo,Sulawesi Barat,Maluku,Maluku Utara,Papua Barat,Papua Barat Daya,Papua,Papua Selatan,Papua Tengah,Papua Pegunungan
Aceh,1.0,0.8498,0.8684,0.7536,0.8203,0.8122,0.9015,0.8238,0.542,0.4933,0.3535,0.7167,0.719,0.6936,0.7236,0.8031,0.6233,0.8899,0.6711,0.6883,0.5743,0.684,0.6085,0.5589,0.69,0.6995,0.8603,0.81,0.6482,0.679,0.7784,0.6581,0.3953,0.3819,0.5398,0.3991,0.036,0.019
Sumatera Utara,0.8498,1.0,0.8615,0.9416,0.8702,0.7809,0.8468,0.8294,0.6543,0.6639,0.4347,0.7248,0.7302,0.6229,0.8248,0.8646,0.7576,0.7533,0.54,0.6628,0.7581,0.6984,0.7786,0.6235,0.847,0.7524,0.9466,0.8438,0.6632,0.6633,0.6596,0.657,0.2488,0.2111,0.3446,0.3014,0.036,0.0151
Sumatera Barat,0.8684,0.8615,1.0,0.8687,0.9244,0.7557,0.88,0.7822,0.7311,0.6881,0.474,0.6649,0.6426,0.7391,0.6755,0.8847,0.8474,0.7896,0.4416,0.7463,0.7289,0.8641,0.7856,0.7169,0.8214,0.6285,0.8867,0.7704,0.6178,0.6649,0.5964,0.7481,0.2499,0.2338,0.3409,0.2666,0.0185,0.0088
Riau,0.7536,0.9416,0.8687,1.0,0.9197,0.7055,0.8633,0.7775,0.8007,0.7822,0.431,0.5921,0.6263,0.6087,0.7355,0.8168,0.8608,0.7019,0.471,0.668,0.9083,0.7485,0.8951,0.7717,0.9483,0.7769,0.9408,0.867,0.7345,0.7176,0.615,0.739,0.238,0.1915,0.3051,0.301,0.0382,0.0155
Jambi,0.8203,0.8702,0.9244,0.9197,1.0,0.84,0.9386,0.8899,0.8728,0.6855,0.3905,0.6698,0.7054,0.5906,0.7244,0.8876,0.8356,0.845,0.5491,0.8635,0.8673,0.9069,0.7704,0.8058,0.9034,0.7525,0.9445,0.8481,0.7788,0.8341,0.6258,0.8085,0.335,0.2764,0.3726,0.3718,0.0441,0.0225
Sumatera Selatan,0.8122,0.7809,0.7557,0.7055,0.84,1.0,0.8103,0.9787,0.6334,0.4494,0.3426,0.8928,0.9087,0.4806,0.8156,0.9113,0.6041,0.8716,0.6403,0.8765,0.5891,0.7999,0.4982,0.4953,0.6577,0.5962,0.8475,0.6589,0.5987,0.6886,0.5376,0.539,0.3538,0.3139,0.4049,0.3571,0.0506,0.0297
Bengkulu,0.9015,0.8468,0.88,0.8633,0.9386,0.8103,1.0,0.8504,0.7715,0.6459,0.3731,0.6097,0.6648,0.6595,0.6931,0.8062,0.764,0.8856,0.658,0.7567,0.7911,0.7947,0.7471,0.7627,0.8637,0.8294,0.9257,0.9174,0.8484,0.8504,0.7886,0.7958,0.4543,0.3912,0.5418,0.4993,0.06,0.0299
Lampung,0.8238,0.8294,0.7822,0.7775,0.8899,0.9787,0.8504,1.0,0.6769,0.4719,0.3109,0.8585,0.9087,0.4808,0.8504,0.8971,0.6278,0.8947,0.6897,0.898,0.6654,0.7962,0.5482,0.5591,0.7149,0.6725,0.8996,0.7294,0.6695,0.7545,0.5741,0.5999,0.3683,0.312,0.3958,0.3808,0.0614,0.0363
Kepulauan Bangka Belitung,0.542,0.6543,0.7311,0.8007,0.8728,0.6334,0.7715,0.6769,1.0,0.7603,0.3784,0.4321,0.4722,0.4366,0.4993,0.7092,0.8458,0.6026,0.3471,0.718,0.9222,0.8593,0.7494,0.8537,0.8852,0.6318,0.7578,0.6966,0.7289,0.7569,0.449,0.7414,0.2551,0.1913,0.2633,0.3148,0.0425,0.019
Kepulauan Riau,0.4933,0.6639,0.6881,0.7822,0.6855,0.4494,0.6459,0.4719,0.7603,1.0,0.6573,0.3405,0.339,0.6084,0.4331,0.6281,0.9281,0.4107,0.2064,0.403,0.7815,0.6372,0.9315,0.6808,0.851,0.5071,0.6662,0.6086,0.5149,0.4595,0.4126,0.547,0.1233,0.1057,0.2118,0.1786,0.0143,0.004
DKI Jakarta,0.3535,0.4347,0.474,0.431,0.3905,0.3426,0.3731,0.3109,0.3784,0.6573,1.0,0.3382,0.2929,0.6283,0.3615,0.5307,0.6611,0.2734,0.0951,0.2305,0.337,0.4508,0.5519,0.2475,0.4246,0.2063,0.4252,0.2786,0.206,0.182,0.1928,0.2088,0.0446,0.0463,0.1171,0.0599,0.0023,0.0006
Jawa Barat,0.7167,0.7248,0.6649,0.5921,0.6698,0.8928,0.6097,0.8585,0.4321,0.3405,0.3382,1.0,0.9465,0.4472,0.857,0.8666,0.4916,0.731,0.4847,0.7185,0.4158,0.6484,0.3958,0.3137,0.4848,0.4143,0.7331,0.4799,0.3785,0.4504,0.3729,0.3594,0.1908,0.1818,0.2518,0.186,0.0212,0.0125
Jawa Tengah,0.719,0.7302,0.6426,0.6263,0.7054,0.9087,0.6648,0.9087,0.4722,0.339,0.2929,0.9465,1.0,0.444,0.9339,0.8275,0.4937,0.8083,0.5947,0.7442,0.4687,0.6411,0.4149,0.3393,0.5104,0.496,0.7901,0.5397,0.4714,0.5296,0.4098,0.3823,0.247,0.2181,0.2878,0.2438,0.0387,0.0242
Daerah Istimewa Yogyakarta,0.6936,0.6229,0.7391,0.6087,0.5906,0.4806,0.6595,0.4808,0.4366,0.6084,0.6283,0.4472,0.444,1.0,0.5373,0.6238,0.7082,0.5543,0.2727,0.3635,0.4438,0.5413,0.6999,0.4019,0.5501,0.4086,0.6525,0.5306,0.395,0.3504,0.4521,0.3993,0.144,0.1591,0.3019,0.1582,0.007,0.0026
Jawa Timur,0.7236,0.8248,0.6755,0.7355,0.7244,0.8156,0.6931,0.8504,0.4993,0.4331,0.3615,0.857,0.9339,0.5373,1.0,0.8167,0.5793,0.7638,0.5462,0.6368,0.5472,0.6065,0.5408,0.3719,0.5863,0.56,0.8586,0.6081,0.513,0.517,0.4389,0.3988,0.204,0.1726,0.2641,0.2241,0.0353,0.0182
Banten,0.8031,0.8646,0.8847,0.8168,0.8876,0.9113,0.8062,0.8971,0.7092,0.6281,0.5307,0.8666,0.8275,0.6238,0.8167,1.0,0.7948,0.7837,0.4506,0.8051,0.6681,0.8845,0.6663,0.5554,0.7547,0.5554,0.8924,0.6587,0.5455,0.606,0.4849,0.5657,0.2213,0.2029,0.304,0.2398,0.0225,0.0108
Bali,0.6233,0.7576,0.8474,0.8608,0.8356,0.6041,0.764,0.6278,0.8458,0.9281,0.6611,0.4916,0.4937,0.7082,0.5793,0.7948,1.0,0.5776,0.2768,0.5745,0.8206,0.8229,0.9249,0.7157,0.8746,0.5521,0.8046,0.6677,0.5777,0.5569,0.4425,0.6229,0.1589,0.1386,0.241,0.2011,0.0153,0.0055
Nusa Tenggara Barat,0.8899,0.7533,0.7896,0.7019,0.845,0.8716,0.8856,0.8947,0.6026,0.4107,0.2734,0.731,0.8083,0.5543,0.7638,0.7837,0.5776,1.0,0.7415,0.8238,0.5948,0.7501,0.5169,0.5443,0.6355,0.7112,0.8631,0.7692,0.7312,0.7897,0.6614,0.6545,0.4795,0.4105,0.4927,0.4567,0.0574,0.0383
Nusa Tenggara Timur,0.6711,0.54,0.4416,0.471,0.5491,0.6403,0.658,0.6897,0.3471,0.2064,0.0951,0.4847,0.5947,0.2727,0.5462,0.4506,0.2768,0.7415,1.0,0.5567,0.4009,0.3766,0.2907,0.3736,0.4334,0.7035,0.6024,0.6633,0.6535,0.6915,0.7127,0.4714,0.6923,0.5843,0.6198,0.6738,0.1949,0.1413
Kalimantan Barat,0.6883,0.6628,0.7463,0.668,0.8635,0.8765,0.7567,0.898,0.718,0.403,0.2305,0.7185,0.7442,0.3635,0.6368,0.8051,0.5745,0.8238,0.5567,1.0,0.6368,0.8647,0.4569,0.6084,0.6465,0.5651,0.7627,0.6259,0.6148,0.7744,0.4573,0.661,0.3544,0.2896,0.3083,0.3387,0.0475,0.0338
Kalimantan Tengah,0.5743,0.7581,0.7289,0.9083,0.8673,0.5891,0.7911,0.6654,0.9222,0.7815,0.337,0.4158,0.4687,0.4438,0.5472,0.6681,0.8206,0.5948,0.4009,0.6368,1.0,0.7277,0.8406,0.8862,0.9543,0.7752,0.8159,0.8218,0.8062,0.783,0.5427,0.7907,0.2576,0.1859,0.2739,0.3435,0.0559,0.0228
Kalimantan Selatan,0.684,0.6984,0.8641,0.7485,0.9069,0.7999,0.7947,0.7962,0.8593,0.6372,0.4508,0.6484,0.6411,0.5413,0.6065,0.8845,0.8229,0.7501,0.3766,0.8647,0.7277,1.0,0.6461,0.6867,0.7597,0.5318,0.7998,0.6311,0.5983,0.6884,0.434,0.6784,0.2501,0.2154,0.2817,0.2614,0.0223,0.012
Kalimantan Timur,0.6085,0.7786,0.7856,0.8951,0.7704,0.4982,0.7471,0.5482,0.7494,0.9315,0.5519,0.3958,0.4149,0.6999,0.5408,0.6663,0.9249,0.5169,0.2907,0.4569,0.8406,0.6461,1.0,0.7373,0.8966,0.6313,0.7844,0.7408,0.6116,0.5423,0.5165,0.6377,0.1591,0.1367,0.2538,0.2178,0.0192,0.0061
Kalimantan Utara,0.5589,0.6235,0.7169,0.7717,0.8058,0.4953,0.7627,0.5591,0.8537,0.6808,0.2475,0.3137,0.3393,0.4019,0.3719,0.5554,0.7157,0.5443,0.3736,0.6084,0.8862,0.6867,0.7373,1.0,0.8792,0.7124,0.6782,0.7879,0.7618,0.7907,0.5872,0.9167,0.3117,0.2458,0.3184,0.3831,0.0466,0.0208
Sulawesi Utara,0.69,0.847,0.8214,0.9483,0.9034,0.6577,0.8637,0.7149,0.8852,0.851,0.4246,0.4848,0.5104,0.5501,0.5863,0.7547,0.8746,0.6355,0.4334,0.6465,0.9543,0.7597,0.8966,0.8792,1.0,0.7807,0.8641,0.8666,0.7757,0.7591,0.6379,0.799,0.2717,0.2179,0.3429,0.3558,0.0458,0.0174
Sulawesi Tengah,0.6995,0.7524,0.6285,0.7769,0.7525,0.5962,0.8294,0.6725,0.6318,0.5071,0.2063,0.4143,0.496,0.4086,0.56,0.5554,0.5521,0.7112,0.7035,0.5651,0.7752,0.5318,0.6313,0.7124,0.7807,1.0,0.7971,0.9632,0.9377,0.8757,0.8489,0.7821,0.5195,0.3929,0.5298,0.6441,0.1366,0.0649
Sulawesi Selatan,0.8603,0.9466,0.8867,0.9408,0.9445,0.8475,0.9257,0.8996,0.7578,0.6662,0.4252,0.7331,0.7901,0.6525,0.8586,0.8924,0.8046,0.8631,0.6024,0.7627,0.8159,0.7998,0.7844,0.6782,0.8641,0.7971,1.0,0.871,0.7643,0.7666,0.6618,0.7004,0.32,0.2717,0.3989,0.3676,0.0479,0.0227
Sulawesi Tenggara,0.81,0.8438,0.7704,0.867,0.8481,0.6589,0.9174,0.7294,0.6966,0.6086,0.2786,0.4799,0.5397,0.5306,0.6081,0.6587,0.6677,0.7692,0.6633,0.6259,0.8218,0.6311,0.7408,0.7879,0.8666,0.9632,0.871,1.0,0.9102,0.8694,0.8737,0.8519,0.4615,0.3681,0.5214,0.5566,0.0841,0.0386
Gorontalo,0.6482,0.6632,0.6178,0.7345,0.7788,0.5987,0.8484,0.6695,0.7289,0.5149,0.206,0.3785,0.4714,0.395,0.513,0.5455,0.5777,0.7312,0.6535,0.6148,0.8062,0.5983,0.6116,0.7618,0.7757,0.9377,0.7643,0.9102,1.0,0.9391,0.7571,0.8062,0.5592,0.3922,0.5003,0.6698,0.1434,0.0742
Sulawesi Barat,0.679,0.6633,0.6649,0.7176,0.8341,0.6886,0.8504,0.7545,0.7569,0.4595,0.182,0.4504,0.5296,0.3504,0.517,0.606,0.5569,0.7897,0.6915,0.7744,0.783,0.6884,0.5423,0.7907,0.7591,0.8757,0.7666,0.8694,0.9391,1.0,0.7189,0.8668,0.5966,0.4354,0.4867,0.6555,0.131,0.0795
Maluku,0.7784,0.6596,0.5964,0.615,0.6258,0.5376,0.7886,0.5741,0.449,0.4126,0.1928,0.3729,0.4098,0.4521,0.4389,0.4849,0.4425,0.6614,0.7127,0.4573,0.5427,0.434,0.5165,0.5872,0.6379,0.8489,0.6618,0.8737,0.7571,0.7189,1.0,0.6956,0.5964,0.5433,0.7493,0.6796,0.0955,0.0447
Maluku Utara,0.6581,0.657,0.7481,0.739,0.8085,0.539,0.7958,0.5999,0.7414,0.547,0.2088,0.3594,0.3823,0.3993,0.3988,0.5657,0.6229,0.6545,0.4714,0.661,0.7907,0.6784,0.6377,0.9167,0.799,0.7821,0.7004,0.8519,0.8062,0.8668,0.6956,1.0,0.408,0.3151,0.382,0.4613,0.0515,0.0272
Papua Barat,0.3953,0.2488,0.2499,0.238,0.335,0.3538,0.4543,0.3683,0.2551,0.1233,0.0446,0.1908,0.247,0.144,0.204,0.2213,0.1589,0.4795,0.6923,0.3544,0.2576,0.2501,0.1591,0.3117,0.2717,0.5195,0.32,0.4615,0.5592,0.5966,0.5964,0.408,1.0,0.8559,0.7428,0.9225,0.2569,0.2086
Papua Barat Daya,0.3819,0.2111,0.2338,0.1915,0.2764,0.3139,0.3912,0.312,0.1913,0.1057,0.0463,0.1818,0.2181,0.1591,0.1726,0.2029,0.1386,0.4105,0.5843,0.2896,0.1859,0.2154,0.1367,0.2458,0.2179,0.3929,0.2717,0.3681,0.3922,0.4354,0.5433,0.3151,0.8559,1.0,0.8477,0.7319,0.1365,0.1062
Papua,0.5398,0.3446,0.3409,0.3051,0.3726,0.4049,0.5418,0.3958,0.2633,0.2118,0.1171,0.2518,0.2878,0.3019,0.2641,0.304,0.241,0.4927,0.6198,0.3083,0.2739,0.2817,0.2538,0.3184,0.3429,0.5298,0.3989,0.5214,0.5003,0.4867,0.7493,0.382,0.7428,0.8477,1.0,0.7434,0.1113,0.0599
Papua Selatan,0.3991,0.3014,0.2666,0.301,0.3718,0.3571,0.4993,0.3808,0.3148,0.1786,0.0599,0.186,0.2438,0.1582,0.2241,0.2398,0.2011,0.4567,0.6738,0.3387,0.3435,0.2614,0.2178,0.3831,0.3558,0.6441,0.3676,0.5566,0.6698,0.6555,0.6796,0.4613,0.9225,0.7319,0.7434,1.0,0.3299,0.2082
Papua Tengah,0.036,0.036,0.0185,0.0382,0.0441,0.0506,0.06,0.0614,0.0425,0.0143,0.0023,0.0212,0.0387,0.007,0.0353,0.0225,0.0153,0.0574,0.1949,0.0475,0.0559,0.0223,0.0192,0.0466,0.0458,0.1366,0.0479,0.0841,0.1434,0.131,0.0955,0.0515,0.2569,0.1365,0.1113,0.3299,1.0,0.7559
Papua Pegunungan,0.019,0.0151,0.0088,0.0155,0.0225,0.0297,0.0299,0.0363,0.019,0.004,0.0006,0.0125,0.0242,0.0026,0.0182,0.0108,0.0055,0.0383,0.1413,0.0338,0.0228,0.012,0.0061,0.0208,0.0174,0.0649,0.0227,0.0386,0.0742,0.0795,0.0447,0.0272,0.2086,0.1062,0.0599,0.2082,0.7559,1.0
