kode_prov,provinsi,singkatan,pulau,n_kab,P0,P1,P2,MISKIN,UHH,HLS,RLS,PENG,IPM,IPM_TUMBUH,INTENSITAS,PENDUDUK,x,y
11,Aceh,ACEH,Sumatera,23,12.33,1.84,0.42,704.69,73.48,14.4,9.95,11191.0,76.23,1.15,14.92,5715.25,0.18735277509157933,-0.018859043327565127
12,Sumatera Utara,SUMUT,Sumatera,33,7.36,1.13,0.26,1140.25,74.19,13.5,10.08,11898.0,76.47,0.94,15.35,15492.53,-0.11170766921254968,0.24493361498394864
13,Sumatera Barat,SUMBAR,Sumatera,19,5.35,0.74,0.16,312.35,74.69,14.31,9.77,12041.0,77.27,1.1,13.83,5838.32,-0.3108131969703594,0.27830554697129084
14,Riau,RIAU,Sumatera,12,6.16,0.87,0.2,460.96,74.74,13.44,9.55,12233.0,76.31,0.85,14.12,7483.12,-0.3377041810382393,0.08012160469578501
15,Jambi,JAMBI,Sumatera,11,7.19,0.98,0.2,270.94,74.39,13.34,8.95,12018.0,75.13,1.04,13.63,3768.29,-0.1523053209596659,0.005106521668665913
16,Sumatera Selatan,SUMSEL,Sumatera,17,10.15,1.64,0.37,919.6,74.58,12.65,8.91,12416.0,74.76,1.25,16.16,9060.1,0.39713965071717094,0.24261268604166594
17,Bengkulu,BENGKULU,Sumatera,10,12.08,1.83,0.38,252.97,73.59,13.76,9.23,12197.0,75.68,1.03,15.15,2094.12,0.010163278140965888,-0.11161615718083542
18,Lampung,LAMPUNG,Sumatera,15,10.0,1.54,0.34,887.02,74.71,12.79,8.61,11683.0,73.98,1.16,15.4,8870.2,0.2070594346096443,0.180407288811876
19,Kepulauan Bangka Belitung,BABEL,Sumatera,7,5.0,0.65,0.14,77.71,74.46,12.5,8.65,13837.0,75.26,0.95,13.0,1554.2,-0.5325751918068071,0.035118391898955624
21,Kepulauan Riau,KEPRI,Sumatera,7,4.44,0.69,0.18,117.28,75.46,13.28,10.72,15881.0,80.53,0.8,15.54,2641.44,-0.6904107156908726,0.15795139805057024
31,DKI Jakarta,DKI,Jawa,6,4.28,0.57,0.11,464.87,76.27,13.8,11.59,20676.0,85.05,1.07,13.32,10861.45,-0.356854920789399,0.7152372166857611
32,Jawa Barat,JABAR,Jawa,27,7.02,1.17,0.29,3654.74,75.53,13.02,9.14,12447.0,75.9,1.31,16.67,52061.82,0.44069362378213306,0.43781271531998484
33,Jawa Tengah,JATENG,Jawa,35,9.48,1.56,0.35,3366.69,75.24,13.05,8.15,12746.0,74.77,1.22,16.46,35513.61,0.2653104040045549,0.5339414114541243
34,Daerah Istimewa Yogyakarta,DIY,Jawa,5,10.23,1.59,0.34,425.82,75.64,15.78,10.2,15855.0,82.48,1.05,15.54,4162.46,-0.450349009672431,0.4771004649061128
35,Jawa Timur,JATIM,Jawa,38,9.5,1.41,0.29,3875.88,75.36,13.44,8.39,13509.0,76.13,1.04,14.84,40798.74,0.07479071228104757,0.5952970085771605
36,Banten,BANTEN,Jawa,8,5.63,0.85,0.21,772.78,75.33,13.11,9.56,13498.0,77.25,1.18,15.1,13726.11,-0.04194097686475294,0.43285470113772817
51,Bali,BALI,Bali–Nusa Tenggara,9,3.72,0.56,0.12,173.24,75.46,13.63,9.75,15383.0,79.37,0.94,15.05,4656.99,-0.5096794980576091,0.2570406864762079
52,Nusa Tenggara Barat,NTB,Bali–Nusa Tenggara,10,11.78,1.76,0.36,654.57,72.6,13.99,8.21,11922.0,73.97,1.19,14.94,5556.62,0.37735503348988647,0.043584065207668145
53,Nusa Tenggara Timur,NTT,Bali–Nusa Tenggara,22,18.6,3.35,0.84,1088.78,72.16,13.34,8.22,8735.0,69.89,1.08,18.01,5853.66,0.5188904421539358,-0.09772314654849312
61,Kalimantan Barat,KALBAR,Kalimantan,14,6.16,0.86,0.18,330.95,74.28,12.69,8.07,10689.0,72.09,1.26,13.96,5372.56,0.14845708073297198,0.3716290556694
62,Kalimantan Tengah,KALTENG,Kalimantan,14,5.19,0.83,0.19,147.8,74.01,12.78,8.96,12612.0,74.86,0.78,15.99,2847.78,-0.4936520816790612,-0.1951417132654237
63,Kalimantan Selatan,KALSEL,Kalimantan,13,3.84,0.47,0.1,172.72,74.49,13.12,8.81,13757.0,76.1,1.21,12.24,4497.92,-0.23932561827122556,0.4650929290176569
64,Kalimantan Timur,KALTIM,Kalimantan,10,5.17,0.88,0.22,199.71,75.28,14.04,10.1,14254.0,79.39,0.76,17.02,3862.86,-0.6732457224697093,-0.107129644845464
65,Kalimantan Utara,KALTARA,Kalimantan,5,5.54,0.75,0.29,42.57,73.68,13.31,9.44,10568.0,74.04,0.86,13.54,768.41,-0.5190281462992188,-0.39352531980687555
71,Sulawesi Utara,SULUT,Sulawesi,15,6.71,1.11,0.26,173.84,74.44,12.98,9.91,12450.0,76.32,0.85,16.54,2590.76,-0.3082632889576196,-0.12010175368863321
72,Sulawesi Tengah,SULTENG,Sulawesi,13,10.92,2.21,0.61,356.19,71.1,13.35,9.1,10934.0,72.82,0.8,20.24,3261.81,-0.1267715707701828,-0.4358736018149018
73,Sulawesi Selatan,SULSEL,Sulawesi,24,7.6,1.4,0.35,698.13,74.15,13.56,9.0,12773.0,75.92,0.98,18.42,9185.92,0.024910417052229444,0.09781349120655594
74,Sulawesi Tenggara,SULTRA,Sulawesi,17,10.54,1.89,0.45,304.43,72.06,13.72,9.56,10992.0,74.25,0.86,17.93,2888.33,-0.14582754543244933,-0.2367834970139071
75,Gorontalo,GORONTALO,Sulawesi,6,13.24,1.96,0.44,162.74,71.06,13.18,8.38,11937.0,72.62,0.85,14.8,1229.15,0.05954514421190791,-0.36215932831255654
76,Sulawesi Barat,SULBAR,Sulawesi,6,10.41,1.71,0.41,152.31,71.44,12.9,8.31,10516.0,71.16,0.99,16.43,1463.11,0.19910015871385967,-0.21889594175702368
81,Maluku,MALUKU,Maluku,11,15.38,2.95,0.8,287.76,71.02,14.1,10.51,9900.0,74.09,0.94,19.18,1871.0,0.0207794559009128,-0.5708872845596726
82,Maluku Utara,MALUT,Maluku,10,5.81,0.95,0.22,77.27,71.47,13.76,9.5,9613.0,72.52,0.95,16.35,1329.95,-0.3264360375516141,-0.4474537876893474
91,Papua,PAPUA,Papua,9,19.16,4.58,1.49,171.38,70.77,13.94,10.01,11342.0,74.69,1.16,23.9,894.47,0.35601026909107536,-0.4561403210157008
92,Papua Barat,PABAR,Papua,7,20.66,4.17,1.18,106.9,68.76,13.21,8.07,9115.0,68.48,1.17,20.18,517.42,0.18927770011774608,-0.6786292990936714
92,Papua Barat Daya,PBD,Papua,6,17.95,4.53,1.72,103.57,70.31,13.89,8.69,9076.0,70.55,1.29,25.24,576.99,0.4119349590605618,-0.6481622704168482
93,Papua Selatan,PAPSEL,Papua,4,19.71,4.23,1.14,105.53,68.71,12.68,8.64,9983.0,69.54,0.99,21.46,535.41,0.5271955539115808,-0.3527207954853521
94,Papua Tengah,PAPTENG,Papua,8,28.9,5.58,1.52,302.31,68.38,9.64,6.13,8036.0,60.64,0.65,19.31,1046.06,0.9109245994300053,-0.3160409863536873
95,Papua Pegunungan,PAPEG,Papua,8,30.03,5.62,1.44,337.32,67.55,9.98,4.3,5861.0,54.91,0.88,18.71,1123.28,1.0,0.11588309339484021
